{"cameraMode":{"drawMode":0,"name":"Shaded","section":"Shading Mode"},"sceneLighting":false,"audioPlay":false,"sceneViewState":{"showFog":true,"showMaterialUpdate":false,"showSkybox":false,"showFlares":true,"showImageEffects":true,"showParticleSystems":true},"in2DMode":false,"pivot":{"x":-3.725290298461914e-9,"y":0.047270625829696658,"z":0.0018924679607152939},"rotation":{"x":0.24529065191745759,"y":0.21251322329044343,"z":-0.05217854678630829,"w":0.9456154108047485},"size":0.2062126249074936,"orthographic":true}